{
  "frc10317": 23.90189269940041,
  "frc10322": 8.950077416751594,
  "frc1178": 25.5041456995838,
  "frc1208": 10.45217721649385,
  "frc1288": 4.167797963763118,
  "frc1329": 28.635440853200997,
  "frc1706": 77.52140347692453,
  "frc1763": 9.556154777760558,
  "frc1775": 18.70619788557754,
  "frc2408": 6.509130629257704,
  "frc2506": 35.997685719172765,
  "frc27": 83.74513314226293,
  "frc2978": 14.078355794579002,
  "frc3067": 24.157898030917817,
  "frc3397": 13.899254711603657,
  "frc3792": 50.068158953256,
  "frc4256": 52.20044784033014,
  "frc4329": 36.00601655194968,
  "frc4330": 21.06460030449178,
  "frc4500": 83.55318391783693,
  "frc4931": 22.931784864367128,
  "frc5060": 24.06828086168867,
  "frc5147": 1.0660030379201657,
  "frc5176": 6.775833748892395,
  "frc5492": 35.42013134165252,
  "frc554": 45.1845429669895,
  "frc5583": 10.631565255987145,
  "frc5822": 26.193288156502213,
  "frc5889": 12.345652848339494,
  "frc5934": 39.83599878120069,
  "frc6391": 43.76822949206775,
  "frc6744": 16.74541703780036,
  "frc6817": 14.800146812540904,
  "frc7117": 13.28663054049755,
  "frc7452": 13.341284266519839,
  "frc7472": 14.005942056832666,
  "frc7496": 10.982992108814603,
  "frc7747": 34.30091592018952,
  "frc8069": 34.33821832501315,
  "frc8077": 7.339339823209441,
  "frc8719": 8.832549042599286,
  "frc931": 13.49710042505206,
  "frc9401": 46.74375843057089,
  "frc9428": 19.3956948109247,
  "frc967": 50.693545458712315
}